student_id,program,year,hostel_block
STU24000,B.Tech CSE,3,Day scholar
STU24001,B.Tech CSE,3,Day scholar
STU24002,B.Tech ME,3,A
STU24003,B.Tech CSE,2,Day scholar
STU24004,BBA,3,C
STU24005,B.Tech ECE,1,A
STU24006,B.Tech ECE,4,E
STU24007,B.Des,2,Day scholar
STU24008,B.Tech CSE,3,C
STU24009,B.Tech CSE,1,D
STU24010,B.Des,3,B
STU24011,B.Tech ECE,2,B
STU24012,B.Tech ECE,1,B
STU24013,B.Tech CSE,3,E
STU24014,B.Tech CSE,3,E
STU24015,B.Tech CSE,4,B
STU24016,B.Tech CSE,3,B
STU24017,B.Tech ME,1,D
STU24018,B.Tech ME,3,C
STU24019,B.Tech CSE,2,A
STU24020,B.Tech ECE,3,D
STU24021,B.Tech ECE,3,D
STU24022,B.Tech CSE,2,A
STU24023,B.Tech CSE,2,C
STU24024,B.Tech CSE,4,A
STU24025,B.Tech CSE,1,D
STU24026,B.Tech ME,2,D
STU24027,BBA,2,A
STU24028,B.Tech CSE,1,E
STU24029,B.Tech CSE,2,C
STU24030,B.Tech ME,1,C
STU24031,B.Tech CSE,2,D
STU24032,B.Tech CSE,2,A
STU24033,BBA,4,D
STU24034,B.Des,1,E
STU24035,B.Tech CSE,3,B
STU24036,BBA,1,C
STU24037,B.Tech CSE,1,D
STU24038,BBA,1,E
STU24039,B.Tech CSE,3,D
STU24040,B.Tech ECE,3,A
STU24041,B.Tech CSE,2,C
STU24042,B.Tech CSE,2,A
STU24043,B.Tech CSE,3,Day scholar
STU24044,B.Tech CSE,3,D
STU24045,B.Des,1,C
STU24046,B.Tech CSE,3,C
STU24047,B.Des,2,D
STU24048,B.Tech CSE,2,B
STU24049,B.Tech CSE,2,A
STU24050,BBA,4,A
STU24051,B.Tech CSE,2,D
STU24052,B.Tech ME,1,E
STU24053,B.Tech CSE,3,Day scholar
STU24054,B.Tech CSE,1,D
STU24055,BBA,2,E
STU24056,B.Des,2,B
STU24057,B.Tech CSE,2,Day scholar
STU24058,B.Tech CSE,1,C
STU24059,BBA,4,E
STU24060,BBA,4,C
STU24061,B.Tech ME,2,D
STU24062,B.Tech CSE,2,E
STU24063,B.Des,1,B
STU24064,BBA,1,A
STU24065,B.Tech ECE,1,Day scholar
STU24066,B.Tech CSE,1,E
STU24067,B.Tech ECE,4,A
STU24068,B.Tech CSE,1,A
STU24069,B.Tech CSE,3,C
STU24070,B.Tech ECE,3,B
STU24071,B.Tech ME,4,E
STU24072,B.Tech CSE,1,Day scholar
STU24073,B.Tech CSE,2,C
STU24074,B.Des,3,B
STU24075,B.Tech CSE,4,D
STU24076,B.Tech CSE,3,A
STU24077,B.Des,2,D
STU24078,BBA,4,C
STU24079,B.Tech CSE,3,A
STU24080,B.Tech ME,4,B
STU24081,B.Tech ECE,2,Day scholar
STU24082,B.Tech CSE,3,C
STU24083,B.Tech ME,2,Day scholar
STU24084,B.Tech CSE,2,B
STU24085,BBA,3,A
STU24086,B.Tech ECE,1,A
STU24087,B.Tech CSE,4,A
STU24088,B.Tech CSE,4,B
STU24089,B.Tech CSE,1,A
STU24090,B.Tech CSE,1,A
STU24091,B.Tech ME,3,C
STU24092,B.Tech ECE,2,Day scholar
STU24093,B.Tech CSE,4,B
STU24094,B.Tech CSE,1,D
STU24095,B.Tech CSE,2,C
STU24096,B.Tech CSE,2,E
STU24097,B.Des,1,A
STU24098,BBA,4,Day scholar
STU24099,B.Tech ME,4,D
STU24100,B.Tech CSE,3,C
STU24101,BBA,2,C
STU24102,B.Tech ECE,2,B
STU24103,B.Tech ECE,1,C
STU24104,B.Tech CSE,1,C
STU24105,B.Tech CSE,2,D
STU24106,B.Des,1,Day scholar
STU24107,B.Tech CSE,2,C
STU24108,B.Tech ME,4,E
STU24109,B.Tech ECE,2,B
STU24110,B.Tech CSE,3,D
STU24111,B.Tech CSE,4,D
STU24112,B.Tech ME,1,A
STU24113,B.Tech CSE,4,Day scholar
STU24114,B.Tech ECE,4,E
STU24115,B.Des,3,B
STU24116,B.Tech CSE,3,D
STU24117,B.Tech ECE,1,D
STU24118,B.Tech ECE,2,E
STU24119,B.Tech ECE,3,D
STU24120,B.Tech CSE,4,A
STU24121,B.Tech ME,1,C
STU24122,B.Tech ME,3,B
STU24123,B.Tech ME,4,B
STU24124,B.Tech CSE,2,A
STU24125,B.Des,1,C
STU24126,B.Tech ME,2,D
STU24127,B.Tech ME,4,C
STU24128,B.Des,2,E
STU24129,B.Tech CSE,4,Day scholar
STU24130,B.Tech CSE,3,D
STU24131,B.Tech CSE,3,C
STU24132,B.Tech CSE,4,C
STU24133,B.Tech CSE,2,Day scholar
STU24134,B.Tech CSE,3,Day scholar
STU24135,B.Tech CSE,4,E
STU24136,B.Des,1,D
STU24137,B.Tech CSE,3,Day scholar
STU24138,B.Tech CSE,1,A
STU24139,B.Tech CSE,3,Day scholar
STU24140,B.Tech CSE,3,A
STU24141,B.Tech ECE,1,E
STU24142,BBA,1,A
STU24143,B.Des,4,E
STU24144,BBA,3,A
STU24145,B.Tech CSE,1,C
STU24146,B.Tech ECE,3,Day scholar
STU24147,B.Tech ME,1,B
STU24148,B.Tech ME,1,Day scholar
STU24149,B.Tech CSE,3,D
STU24150,BBA,1,E
STU24151,B.Tech CSE,1,B
STU24152,B.Tech ECE,4,E
STU24153,B.Tech ECE,3,A
STU24154,B.Tech CSE,4,D
STU24155,B.Tech ECE,3,Day scholar
STU24156,B.Tech ECE,1,C
STU24157,B.Tech CSE,2,A
STU24158,B.Tech CSE,1,C
STU24159,B.Tech ECE,3,C
STU24160,B.Tech CSE,2,D
STU24161,B.Tech CSE,2,C
STU24162,B.Tech CSE,2,D
STU24163,B.Tech ME,2,D
STU24164,B.Tech CSE,3,E
STU24165,B.Tech CSE,2,D
STU24166,B.Tech ECE,2,E
STU24167,B.Des,4,C
STU24168,B.Tech ME,2,B
STU24169,B.Tech ECE,4,A
STU24170,BBA,1,A
STU24171,B.Tech CSE,1,A
STU24172,B.Tech ME,2,A
STU24173,BBA,4,C
STU24174,B.Tech ECE,1,A
STU24175,B.Des,2,Day scholar
STU24176,B.Tech CSE,3,D
STU24177,B.Tech CSE,3,D
STU24178,B.Tech CSE,1,C
STU24179,B.Tech CSE,1,E
STU24180,B.Tech ECE,4,E
STU24181,B.Tech CSE,4,C
STU24182,B.Tech CSE,2,E
STU24183,B.Tech ECE,2,A
STU24184,BBA,1,A
STU24185,B.Tech CSE,1,C
STU24186,B.Tech ECE,3,A
STU24187,BBA,1,D
STU24188,B.Tech ME,3,E
STU24189,B.Tech CSE,1,C
STU24190,BBA,2,C
STU24191,BBA,3,C
STU24192,B.Tech ECE,4,Day scholar
STU24193,B.Tech ECE,2,C
STU24194,B.Tech CSE,1,Day scholar
STU24195,B.Tech CSE,3,B
STU24196,B.Tech CSE,1,Day scholar
STU24197,B.Tech CSE,2,D
STU24198,B.Tech CSE,1,E
STU24199,B.Des,3,D
STU24200,B.Tech ME,2,Day scholar
STU24201,B.Des,3,E
STU24202,B.Tech CSE,4,E
STU24203,B.Tech ECE,2,D
STU24204,B.Des,4,B
STU24205,B.Tech ME,3,B
STU24206,B.Tech CSE,1,E
STU24207,B.Des,2,C
STU24208,B.Tech CSE,4,E
STU24209,B.Tech ECE,1,E
STU24210,BBA,4,A
STU24211,B.Tech CSE,2,A
STU24212,B.Tech ME,3,E
STU24213,B.Tech ME,4,E
STU24214,B.Tech CSE,1,D
STU24215,B.Tech CSE,4,C
STU24216,B.Tech CSE,3,C
STU24217,B.Tech ME,4,B
STU24218,B.Tech CSE,4,Day scholar
STU24219,B.Tech ECE,1,C
STU24220,BBA,1,B
STU24221,B.Tech CSE,1,E
STU24222,B.Des,4,B
STU24223,B.Tech CSE,2,D
STU24224,B.Tech ME,4,D
STU24225,BBA,2,C
STU24226,B.Tech CSE,1,A
STU24227,B.Tech CSE,1,C
STU24228,B.Tech CSE,3,C
STU24229,B.Tech ME,4,D
STU24230,BBA,1,B
STU24231,BBA,2,C
STU24232,B.Tech ECE,3,D
STU24233,B.Tech CSE,1,B
STU24234,BBA,1,B
STU24235,B.Tech ME,2,E
STU24236,B.Tech ECE,2,Day scholar
STU24237,BBA,3,Day scholar
STU24238,B.Tech CSE,3,D
STU24239,B.Tech ME,1,Day scholar
STU24240,B.Tech CSE,2,A
STU24241,B.Tech CSE,4,A
STU24242,B.Tech CSE,1,C
STU24243,B.Tech CSE,2,A
STU24244,B.Tech CSE,1,A
STU24245,B.Tech CSE,3,B
STU24246,B.Tech CSE,2,A
STU24247,BBA,1,A
STU24248,B.Tech ECE,2,B
STU24249,B.Tech ME,2,E
STU24250,B.Tech CSE,1,B
STU24251,B.Tech ME,2,B
STU24252,B.Des,2,A
STU24253,B.Tech ME,2,A
STU24254,B.Tech CSE,1,Day scholar
STU24255,B.Tech CSE,1,A
STU24256,B.Tech ECE,1,B
STU24257,B.Tech ECE,2,E
STU24258,BBA,1,D
STU24259,B.Tech ME,1,Day scholar
STU24260,BBA,1,C
STU24261,B.Des,3,C
STU24262,B.Tech CSE,4,E
STU24263,B.Tech CSE,3,C
STU24264,B.Tech CSE,2,A
STU24265,B.Tech CSE,2,A
STU24266,B.Tech ME,3,E
STU24267,BBA,2,D
STU24268,B.Tech CSE,1,D
STU24269,B.Tech ECE,1,Day scholar
STU24270,B.Tech CSE,1,Day scholar
STU24271,B.Tech CSE,3,Day scholar
STU24272,B.Tech ECE,4,D
STU24273,B.Tech CSE,1,D
STU24274,B.Tech ME,1,E
STU24275,B.Tech ECE,1,B
STU24276,B.Tech CSE,4,D
STU24277,B.Tech CSE,2,D
STU24278,B.Tech ECE,3,E
STU24279,B.Tech CSE,4,C
STU24280,B.Tech ME,1,C
STU24281,B.Tech CSE,2,Day scholar
STU24282,B.Tech ME,2,A
STU24283,B.Tech CSE,4,B
STU24284,BBA,4,B
STU24285,B.Tech ME,2,Day scholar
STU24286,B.Tech ECE,2,E
STU24287,B.Tech ME,3,D
STU24288,BBA,1,Day scholar
STU24289,B.Tech CSE,3,B
STU24290,B.Tech CSE,3,Day scholar
STU24291,B.Tech ME,2,Day scholar
STU24292,B.Tech CSE,2,D
STU24293,B.Tech CSE,3,D
STU24294,B.Tech ECE,4,B
STU24295,B.Tech CSE,2,A
STU24296,B.Tech ME,1,B
STU24297,B.Tech CSE,4,A
STU24298,BBA,3,B
STU24299,B.Tech CSE,1,C
STU24300,B.Tech CSE,2,A
STU24301,B.Des,2,D
STU24302,B.Tech CSE,2,B
STU24303,B.Tech ME,1,Day scholar
STU24304,B.Des,4,Day scholar
STU24305,B.Tech CSE,4,A
STU24306,B.Tech ECE,2,A
STU24307,B.Tech ECE,4,D
STU24308,B.Tech CSE,1,A
STU24309,B.Tech ECE,4,E
STU24310,B.Tech CSE,1,C
STU24311,B.Tech ME,3,B
STU24312,B.Tech CSE,4,Day scholar
STU24313,B.Tech CSE,1,E
STU24314,B.Tech CSE,1,C
STU24315,B.Tech ME,1,Day scholar
STU24316,B.Tech CSE,4,C
STU24317,B.Tech CSE,1,A
STU24318,BBA,4,E
STU24319,B.Tech ECE,2,C
STU24320,B.Tech CSE,2,A
STU24321,B.Des,1,C
STU24322,B.Tech CSE,4,D
STU24323,B.Tech CSE,1,A
STU24324,BBA,1,B
STU24325,B.Tech ECE,3,C
STU24326,B.Tech CSE,2,Day scholar
STU24327,B.Tech ME,4,C
STU24328,B.Des,1,B
STU24329,B.Tech CSE,1,E
STU24330,B.Tech ME,3,E
STU24331,B.Des,1,C
STU24332,B.Tech CSE,3,Day scholar
STU24333,B.Tech CSE,1,C
STU24334,B.Tech CSE,1,D
STU24335,B.Des,2,B
STU24336,B.Tech ECE,3,D
STU24337,B.Tech ECE,3,Day scholar
STU24338,B.Tech CSE,2,D
STU24339,B.Tech CSE,4,C
STU24340,B.Tech ME,4,Day scholar
STU24341,B.Tech ME,2,B
STU24342,B.Tech CSE,4,E
STU24343,B.Tech ECE,2,E
STU24344,BBA,2,C
STU24345,B.Tech CSE,3,C
STU24346,B.Tech CSE,2,A
STU24347,B.Tech ME,3,D
STU24348,B.Tech CSE,1,B
STU24349,BBA,3,B
STU24350,B.Tech CSE,3,B
STU24351,B.Tech CSE,1,D
STU24352,B.Tech CSE,4,D
STU24353,B.Des,3,D
STU24354,B.Tech ECE,1,B
STU24355,B.Tech CSE,4,D
STU24356,B.Tech CSE,1,Day scholar
STU24357,B.Tech CSE,3,Day scholar
STU24358,B.Tech CSE,4,D
STU24359,B.Tech ECE,2,B
STU24360,BBA,1,Day scholar
STU24361,B.Des,4,E
STU24362,B.Tech ME,3,C
STU24363,B.Tech CSE,2,D
STU24364,B.Tech CSE,1,D
STU24365,B.Tech CSE,2,E
STU24366,B.Tech CSE,4,A
STU24367,B.Tech ME,2,E
STU24368,B.Tech ME,1,A
STU24369,B.Des,2,B
STU24370,B.Tech CSE,1,D
STU24371,B.Des,4,A
STU24372,B.Tech ME,1,B
STU24373,B.Tech ME,4,A
STU24374,B.Tech CSE,4,C
STU24375,B.Tech ECE,2,D
STU24376,B.Des,3,Day scholar
STU24377,B.Tech CSE,2,E
STU24378,B.Tech CSE,4,C
STU24379,B.Tech CSE,2,D
STU24380,B.Tech ME,2,E
STU24381,B.Tech CSE,4,B
STU24382,BBA,3,C
STU24383,B.Tech CSE,4,Day scholar
STU24384,B.Tech CSE,1,C
STU24385,B.Tech CSE,1,A
STU24386,B.Tech ME,2,A
STU24387,BBA,3,A
STU24388,BBA,1,E
STU24389,BBA,2,A
STU24390,B.Tech ME,2,B
STU24391,B.Tech ECE,3,E
STU24392,B.Tech CSE,2,B
STU24393,B.Tech ME,1,A
STU24394,B.Tech CSE,1,A
STU24395,B.Tech CSE,4,Day scholar
STU24396,B.Tech ME,1,C
STU24397,BBA,2,Day scholar
STU24398,B.Tech CSE,4,B
STU24399,B.Tech CSE,3,E
STU24400,B.Tech ECE,2,E
STU24401,B.Tech CSE,3,A
STU24402,B.Tech ECE,3,B
STU24403,B.Tech ME,2,E
STU24404,B.Tech CSE,2,B
STU24405,B.Tech CSE,2,D
STU24406,B.Tech CSE,3,A
STU24407,BBA,1,D
STU24408,BBA,1,C
STU24409,B.Des,2,A
STU24410,B.Tech ECE,1,B
STU24411,B.Tech CSE,3,A
STU24412,B.Tech CSE,1,A
STU24413,BBA,1,B
STU24414,B.Tech CSE,2,B
STU24415,B.Tech ECE,1,B
STU24416,B.Des,4,A
STU24417,B.Tech CSE,1,D
STU24418,BBA,1,E
STU24419,B.Tech ECE,4,Day scholar
STU24420,B.Tech CSE,1,B
STU24421,B.Tech ECE,4,E
STU24422,B.Des,1,C
STU24423,B.Des,2,C
STU24424,B.Tech ECE,2,A
STU24425,B.Tech CSE,2,A
STU24426,B.Tech ECE,4,B
STU24427,B.Tech CSE,2,D
STU24428,B.Des,4,C
STU24429,B.Tech ECE,2,D
STU24430,B.Tech ME,2,D
STU24431,B.Tech CSE,2,C
STU24432,B.Tech CSE,1,E
STU24433,B.Tech CSE,2,D
STU24434,B.Tech CSE,3,E
STU24435,B.Tech ECE,4,D
STU24436,B.Des,1,C
STU24437,B.Tech ECE,4,A
STU24438,B.Tech ME,1,D
STU24439,B.Tech ME,1,Day scholar
STU24440,B.Tech ECE,2,A
STU24441,B.Tech CSE,3,Day scholar
STU24442,B.Tech ECE,2,B
STU24443,B.Tech ME,1,C
STU24444,B.Des,2,Day scholar
STU24445,B.Tech CSE,4,D
STU24446,B.Tech CSE,4,A
STU24447,B.Tech ECE,4,D
STU24448,B.Tech ECE,4,C
STU24449,B.Tech CSE,2,A
STU24450,BBA,3,B
STU24451,BBA,2,A
STU24452,B.Tech ECE,2,D
STU24453,B.Tech ME,1,C
STU24454,B.Tech CSE,3,C
STU24455,B.Tech CSE,2,A
STU24456,B.Tech CSE,1,A
STU24457,B.Tech CSE,4,E
STU24458,B.Tech CSE,4,D
STU24459,B.Tech ECE,4,C
STU24460,B.Tech CSE,2,C
STU24461,B.Des,4,A
STU24462,B.Tech CSE,3,Day scholar
STU24463,B.Des,1,E
STU24464,B.Tech CSE,1,E
STU24465,B.Tech ECE,1,Day scholar
STU24466,B.Tech CSE,2,C
STU24467,B.Des,1,B
STU24468,B.Tech CSE,1,Day scholar
STU24469,BBA,1,E
STU24470,B.Des,4,E
STU24471,B.Tech CSE,4,E
STU24472,B.Tech ECE,2,Day scholar
STU24473,B.Tech ME,4,C
STU24474,B.Tech CSE,2,C
STU24475,B.Tech CSE,2,A
STU24476,B.Tech CSE,3,Day scholar
STU24477,B.Tech CSE,3,A
STU24478,B.Des,1,B
STU24479,B.Des,2,Day scholar
STU24480,B.Tech CSE,1,A
STU24481,B.Tech CSE,1,D
STU24482,B.Tech ECE,4,D
STU24483,BBA,1,D
STU24484,B.Des,4,B
STU24485,B.Tech CSE,1,C
STU24486,B.Tech CSE,4,E
STU24487,B.Tech CSE,2,B
STU24488,B.Tech ME,3,C
STU24489,B.Tech ME,1,A
STU24490,B.Tech CSE,4,A
STU24491,B.Tech ECE,2,C
STU24492,B.Des,2,C
STU24493,B.Tech CSE,2,A
STU24494,B.Tech CSE,3,D
STU24495,B.Des,1,C
STU24496,B.Tech ECE,4,A
STU24497,B.Tech ECE,4,E
STU24498,B.Tech ECE,2,Day scholar
STU24499,B.Tech CSE,3,D
STU24500,B.Des,3,C
STU24501,BBA,2,C
STU24502,B.Tech ECE,3,B
STU24503,B.Tech CSE,3,B
STU24504,B.Tech ME,3,Day scholar
STU24505,B.Tech CSE,1,Day scholar
STU24506,B.Tech CSE,1,B
STU24507,BBA,2,E
STU24508,B.Tech CSE,3,B
STU24509,B.Tech CSE,2,B
STU24510,B.Tech CSE,2,D
STU24511,B.Tech CSE,3,C
STU24512,B.Tech ME,3,E
STU24513,BBA,2,B
STU24514,B.Tech CSE,2,C
STU24515,B.Tech CSE,2,E
STU24516,B.Tech CSE,2,A
STU24517,B.Tech CSE,2,C
STU24518,B.Tech ME,1,Day scholar
STU24519,B.Tech ECE,2,Day scholar
STU24520,B.Tech ECE,4,Day scholar
STU24521,B.Tech ME,4,C
STU24522,B.Tech CSE,1,C
STU24523,B.Tech CSE,2,D
STU24524,BBA,2,A
STU24525,B.Tech ME,1,E
STU24526,BBA,4,Day scholar
STU24527,B.Tech CSE,2,B
STU24528,B.Des,3,B
STU24529,B.Tech CSE,2,A
STU24530,B.Tech CSE,1,Day scholar
STU24531,BBA,2,D
STU24532,B.Tech CSE,1,E
STU24533,BBA,1,A
STU24534,BBA,3,B
STU24535,B.Des,1,B
STU24536,B.Tech CSE,2,B
STU24537,B.Tech ME,3,C
STU24538,B.Tech CSE,4,A
STU24539,B.Des,3,A
STU24540,B.Tech ECE,1,E
STU24541,B.Tech CSE,1,E
STU24542,B.Tech CSE,2,B
STU24543,B.Tech ECE,2,Day scholar
STU24544,B.Tech ME,3,Day scholar
STU24545,B.Tech CSE,2,Day scholar
STU24546,B.Tech ME,1,E
STU24547,B.Tech ECE,1,B
STU24548,B.Tech ECE,1,B
STU24549,BBA,3,E
STU24550,B.Tech CSE,1,B
STU24551,B.Des,1,C
STU24552,BBA,1,C
STU24553,B.Tech CSE,1,D
STU24554,B.Tech CSE,3,Day scholar
STU24555,BBA,4,B
STU24556,BBA,1,B
STU24557,B.Tech ME,3,A
STU24558,B.Des,3,E
STU24559,BBA,2,C
STU24560,BBA,3,E
STU24561,B.Tech CSE,1,B
STU24562,B.Tech ECE,2,D
STU24563,B.Tech ME,2,Day scholar
STU24564,B.Tech ME,1,D
STU24565,B.Tech CSE,2,E
STU24566,B.Tech ME,4,Day scholar
STU24567,B.Tech CSE,4,D
STU24568,B.Des,2,A
STU24569,BBA,2,B
STU24570,B.Tech CSE,3,Day scholar
STU24571,B.Tech CSE,4,E
STU24572,B.Tech ECE,2,D
STU24573,B.Tech CSE,4,B
STU24574,B.Tech ECE,3,C
STU24575,B.Tech CSE,1,Day scholar
STU24576,B.Tech CSE,1,Day scholar
STU24577,B.Tech ME,1,B
STU24578,B.Tech ME,4,Day scholar
STU24579,B.Tech ECE,1,E
STU24580,B.Tech CSE,1,A
STU24581,B.Tech ME,4,D
STU24582,B.Tech ECE,3,C
STU24583,B.Tech ECE,2,B
STU24584,BBA,4,B
STU24585,B.Tech CSE,3,Day scholar
STU24586,B.Des,4,B
STU24587,B.Tech CSE,1,A
STU24588,B.Tech CSE,1,Day scholar
STU24589,B.Tech CSE,1,E
STU24590,B.Tech ME,3,D
STU24591,B.Tech ECE,4,C
STU24592,B.Tech CSE,3,B
STU24593,B.Tech CSE,2,E
STU24594,B.Tech CSE,1,B
STU24595,B.Tech CSE,4,D
STU24596,B.Tech CSE,4,E
STU24597,B.Tech CSE,2,D
STU24598,B.Tech CSE,4,D
STU24599,B.Tech ECE,1,D
STU24600,B.Tech ECE,3,A
STU24601,B.Tech ME,3,D
STU24602,B.Tech CSE,1,C
STU24603,B.Tech CSE,1,C
STU24604,B.Tech CSE,3,E
STU24605,B.Tech ME,2,C
STU24606,B.Tech ECE,2,Day scholar
STU24607,B.Tech ECE,2,D
STU24608,B.Tech CSE,3,C
STU24609,B.Des,2,C
STU24610,B.Des,2,C
STU24611,B.Tech CSE,1,A
STU24612,B.Tech CSE,1,E
STU24613,B.Tech CSE,3,D
STU24614,B.Des,1,A
STU24615,B.Tech CSE,3,D
STU24616,B.Tech ME,2,B
STU24617,B.Tech ECE,4,E
STU24618,B.Des,4,B
STU24619,B.Tech CSE,1,B
STU24620,B.Des,3,Day scholar
STU24621,B.Tech ECE,2,Day scholar
STU24622,B.Tech CSE,4,C
STU24623,B.Tech CSE,4,C
STU24624,B.Des,4,Day scholar
STU24625,B.Tech CSE,3,B
STU24626,B.Tech ECE,2,C
STU24627,B.Tech CSE,3,E
STU24628,B.Tech CSE,2,A
STU24629,BBA,1,C
STU24630,B.Tech ME,1,D
STU24631,B.Tech CSE,1,A
STU24632,B.Tech CSE,3,A
STU24633,B.Tech ECE,1,A
STU24634,B.Tech CSE,4,D
STU24635,B.Tech CSE,2,A
STU24636,BBA,4,A
STU24637,BBA,1,D
STU24638,B.Tech CSE,1,D
STU24639,B.Tech ECE,3,Day scholar
STU24640,B.Tech CSE,2,C
STU24641,B.Tech CSE,2,A
STU24642,B.Tech ME,2,A
STU24643,B.Tech ECE,2,D
STU24644,BBA,3,E
STU24645,B.Tech ECE,1,D
STU24646,B.Tech CSE,1,B
STU24647,B.Tech CSE,2,A
STU24648,B.Des,4,B
STU24649,B.Tech CSE,4,Day scholar
STU24650,B.Tech CSE,4,E
STU24651,BBA,4,Day scholar
STU24652,B.Tech CSE,2,E
STU24653,B.Tech ECE,3,C
STU24654,B.Tech CSE,3,E
STU24655,B.Tech ME,1,E
STU24656,B.Tech ECE,2,B
STU24657,B.Tech ME,4,C
STU24658,B.Tech CSE,1,C
STU24659,B.Tech ME,4,B
STU24660,B.Tech CSE,4,Day scholar
STU24661,B.Tech ECE,1,Day scholar
STU24662,B.Tech ME,1,Day scholar
STU24663,B.Tech CSE,1,D
STU24664,B.Tech CSE,2,C
STU24665,B.Tech CSE,3,B
STU24666,B.Tech ECE,4,E
STU24667,B.Des,2,D
STU24668,BBA,1,C
STU24669,B.Tech CSE,1,D
STU24670,B.Tech CSE,1,A
STU24671,B.Tech CSE,2,C
STU24672,B.Tech CSE,1,D
STU24673,B.Tech ME,2,A
STU24674,B.Tech CSE,1,C
STU24675,BBA,2,C
STU24676,B.Tech ECE,2,A
STU24677,B.Tech CSE,2,C
STU24678,B.Tech ME,1,Day scholar
STU24679,B.Tech ECE,1,E
STU24680,B.Tech ME,1,D
STU24681,B.Des,4,A
STU24682,B.Tech ECE,2,A
STU24683,B.Des,2,A
STU24684,BBA,2,B
STU24685,B.Des,2,C
STU24686,B.Tech CSE,1,Day scholar
STU24687,B.Tech ECE,1,A
STU24688,B.Des,2,C
STU24689,B.Tech CSE,4,C
STU24690,B.Tech CSE,4,B
STU24691,B.Tech CSE,4,C
STU24692,B.Tech CSE,4,B
STU24693,B.Tech CSE,1,B
STU24694,B.Tech CSE,3,D
STU24695,B.Tech CSE,1,B
STU24696,B.Tech ECE,3,C
STU24697,B.Tech ECE,4,B
STU24698,B.Tech CSE,4,A
STU24699,B.Tech CSE,2,B
STU24700,B.Tech CSE,3,E
STU24701,B.Tech ECE,4,E
STU24702,B.Des,3,B
STU24703,B.Tech ECE,1,C
STU24704,B.Tech ECE,1,A
STU24705,B.Tech CSE,4,A
STU24706,B.Tech CSE,1,B
STU24707,B.Tech CSE,1,B
STU24708,B.Tech CSE,2,B
STU24709,B.Tech CSE,2,A
STU24710,B.Tech ME,1,Day scholar
STU24711,B.Tech ECE,4,C
STU24712,B.Tech ME,2,E
STU24713,BBA,4,C
STU24714,BBA,3,B
STU24715,B.Tech CSE,4,Day scholar
STU24716,B.Tech CSE,3,D
STU24717,B.Tech ME,1,E
STU24718,BBA,3,A
STU24719,B.Tech CSE,1,A
STU24720,B.Tech CSE,2,C
STU24721,BBA,2,B
STU24722,B.Tech CSE,4,B
STU24723,B.Tech CSE,2,B
STU24724,B.Tech CSE,2,B
STU24725,B.Tech CSE,2,E
STU24726,B.Des,1,E
STU24727,BBA,4,A
STU24728,B.Tech CSE,2,E
STU24729,B.Tech CSE,3,Day scholar
STU24730,B.Tech ECE,1,E
STU24731,B.Tech ECE,1,E
STU24732,B.Tech ECE,1,B
STU24733,B.Tech CSE,3,Day scholar
STU24734,B.Tech CSE,4,B
STU24735,B.Tech ME,3,C
STU24736,B.Tech CSE,1,Day scholar
STU24737,BBA,2,C
STU24738,B.Tech CSE,4,A
STU24739,B.Des,4,B
STU24740,B.Tech ECE,2,C
STU24741,BBA,1,B
STU24742,B.Tech CSE,3,A
STU24743,B.Tech CSE,3,D
STU24744,B.Des,1,E
STU24745,B.Tech CSE,4,B
STU24746,B.Tech ECE,2,B
STU24747,B.Tech CSE,1,B
STU24748,B.Tech CSE,2,B
STU24749,B.Tech CSE,3,B
STU24750,B.Tech ME,2,C
STU24751,B.Des,3,C
STU24752,B.Tech ME,4,A
STU24753,B.Tech ME,2,Day scholar
STU24754,B.Tech CSE,2,D
STU24755,B.Tech ME,1,C
STU24756,BBA,3,D
STU24757,B.Tech ME,3,E
STU24758,B.Tech CSE,4,D
STU24759,BBA,1,D
STU24760,B.Tech CSE,2,B
STU24761,B.Tech CSE,3,A
STU24762,B.Tech ME,4,B
STU24763,B.Des,1,E
STU24764,B.Tech CSE,3,B
STU24765,B.Tech ME,1,A
STU24766,B.Tech ME,1,Day scholar
STU24767,B.Tech ECE,3,C
STU24768,B.Tech CSE,2,C
STU24769,B.Tech ECE,2,Day scholar
STU24770,B.Tech CSE,4,C
STU24771,B.Tech CSE,1,B
STU24772,B.Tech ME,1,C
STU24773,B.Tech CSE,4,A
STU24774,B.Tech CSE,2,B
STU24775,B.Tech CSE,4,B
STU24776,B.Tech ECE,3,D
STU24777,BBA,2,A
STU24778,B.Tech ME,2,Day scholar
STU24779,B.Tech ECE,2,A
STU24780,B.Tech CSE,1,E
STU24781,B.Tech ME,1,A
STU24782,BBA,4,A
STU24783,B.Tech CSE,1,Day scholar
STU24784,B.Tech ECE,1,C
STU24785,B.Tech ECE,3,C
STU24786,B.Tech CSE,4,E
STU24787,B.Tech ECE,1,Day scholar
STU24788,B.Tech ME,3,B
STU24789,B.Tech CSE,2,C
STU24790,B.Tech CSE,2,B
STU24791,B.Tech CSE,1,A
STU24792,B.Tech ECE,4,A
STU24793,BBA,3,B
STU24794,B.Tech CSE,1,A
STU24795,B.Des,3,A
STU24796,B.Tech CSE,3,D
STU24797,B.Tech CSE,3,A
STU24798,B.Des,3,B
STU24799,B.Tech CSE,1,D
STU24800,B.Tech ME,3,E
STU24801,BBA,4,B
STU24802,B.Tech CSE,2,B
STU24803,B.Tech ME,4,Day scholar
STU24804,B.Tech ECE,2,C
STU24805,B.Tech CSE,1,C
STU24806,B.Des,1,A
STU24807,B.Tech ME,1,A
STU24808,B.Tech ME,4,A
STU24809,B.Tech ECE,3,E
STU24810,B.Tech ME,4,D
STU24811,B.Tech ME,2,Day scholar
STU24812,B.Tech ME,3,C
STU24813,B.Des,3,A
STU24814,B.Tech ECE,1,C
STU24815,B.Tech CSE,3,C
STU24816,B.Tech ECE,3,D
STU24817,B.Tech ECE,3,E
STU24818,B.Tech ECE,3,D
STU24819,B.Tech CSE,1,C
STU24820,B.Tech ME,4,A
STU24821,B.Tech CSE,3,E
STU24822,B.Tech ECE,4,D
STU24823,B.Tech CSE,2,Day scholar
STU24824,B.Tech ECE,3,C
STU24825,B.Tech CSE,1,B
STU24826,B.Des,2,C
STU24827,B.Tech CSE,1,B
STU24828,B.Tech CSE,4,E
STU24829,B.Tech CSE,4,D
STU24830,B.Tech CSE,4,A
STU24831,BBA,4,C
STU24832,B.Tech CSE,2,E
STU24833,B.Tech CSE,2,D
STU24834,BBA,4,B
STU24835,B.Des,1,Day scholar
STU24836,B.Tech ECE,2,C
STU24837,B.Tech CSE,2,A
STU24838,BBA,1,A
STU24839,B.Tech ECE,1,B
STU24840,B.Tech ECE,1,C
STU24841,BBA,3,A
STU24842,BBA,4,E
STU24843,B.Tech ECE,3,D
STU24844,B.Tech CSE,3,Day scholar
STU24845,B.Tech ME,3,C
STU24846,B.Tech ECE,1,C
STU24847,B.Tech CSE,2,B
STU24848,B.Tech CSE,2,Day scholar
STU24849,B.Tech CSE,1,B
STU24850,B.Tech ECE,2,D
STU24851,B.Tech CSE,4,D
STU24852,B.Tech CSE,1,C
STU24853,B.Tech ECE,1,D
STU24854,B.Tech ECE,3,D
STU24855,B.Tech CSE,2,A
STU24856,B.Des,3,A
STU24857,B.Tech ME,2,E
STU24858,B.Tech ECE,2,D
STU24859,B.Tech CSE,4,Day scholar
STU24860,BBA,1,A
STU24861,B.Tech CSE,1,C
STU24862,B.Tech CSE,2,C
STU24863,B.Tech ME,2,Day scholar
STU24864,B.Tech CSE,3,B
STU24865,B.Tech CSE,4,C
STU24866,B.Des,4,C
STU24867,B.Tech ECE,3,E
STU24868,B.Tech CSE,1,D
STU24869,B.Tech ME,1,B
STU24870,BBA,4,C
STU24871,B.Tech CSE,3,C
STU24872,BBA,1,E
STU24873,BBA,4,Day scholar
STU24874,B.Des,1,D
STU24875,B.Tech ECE,2,B
STU24876,B.Tech CSE,1,A
STU24877,BBA,2,D
STU24878,B.Tech CSE,2,C
STU24879,BBA,1,B
STU24880,B.Tech ME,3,D
STU24881,B.Tech CSE,4,Day scholar
STU24882,B.Tech ME,3,D
STU24883,B.Des,4,C
STU24884,B.Tech ME,4,C
STU24885,B.Tech CSE,4,D
STU24886,B.Tech CSE,1,E
STU24887,B.Tech CSE,2,B
STU24888,BBA,2,Day scholar
STU24889,B.Tech ECE,1,C
STU24890,B.Tech CSE,3,C
STU24891,B.Tech ECE,2,C
STU24892,BBA,2,E
STU24893,BBA,2,Day scholar
STU24894,B.Tech ECE,1,B
STU24895,B.Tech CSE,3,D
STU24896,B.Tech ECE,1,Day scholar
STU24897,BBA,2,Day scholar
STU24898,B.Tech CSE,4,E
STU24899,B.Tech CSE,1,Day scholar
STU24900,B.Tech ECE,3,C
STU24901,B.Tech ME,4,C
STU24902,B.Tech CSE,4,A
STU24903,B.Des,3,B
STU24904,B.Tech CSE,1,Day scholar
STU24905,B.Tech ECE,1,Day scholar
STU24906,B.Tech ECE,1,C
STU24907,B.Tech CSE,4,C
STU24908,B.Tech ME,1,E
STU24909,B.Tech CSE,1,Day scholar
STU24910,B.Tech CSE,1,D
STU24911,B.Tech CSE,2,C
STU24912,B.Tech ECE,1,E
STU24913,B.Tech CSE,3,E
STU24914,B.Tech ME,1,C
STU24915,B.Tech CSE,3,B
STU24916,B.Tech CSE,2,B
STU24917,BBA,3,A
STU24918,B.Tech ME,4,Day scholar
STU24919,B.Tech ME,3,C
STU24920,BBA,3,A
STU24921,B.Tech CSE,2,Day scholar
STU24922,B.Tech ME,2,E
STU24923,B.Tech CSE,4,E
STU24924,B.Tech CSE,4,E
STU24925,B.Tech ECE,2,C
STU24926,B.Tech CSE,1,A
STU24927,B.Tech ECE,1,B
STU24928,B.Tech ME,1,D
STU24929,B.Des,2,C
STU24930,B.Tech CSE,4,E
STU24931,BBA,4,D
STU24932,B.Tech CSE,3,D
STU24933,B.Des,3,C
STU24934,B.Tech ECE,1,A
STU24935,B.Tech CSE,1,E
STU24936,B.Tech CSE,1,A
STU24937,B.Tech ME,4,A
STU24938,B.Tech ECE,1,B
STU24939,B.Tech CSE,3,Day scholar
STU24940,B.Tech ME,1,A
STU24941,B.Des,4,E
STU24942,B.Tech CSE,2,E
STU24943,B.Tech CSE,3,C
STU24944,BBA,2,D
STU24945,B.Tech ECE,3,B
STU24946,B.Tech CSE,2,E
STU24947,B.Tech CSE,2,B
STU24948,B.Tech ECE,1,B
STU24949,B.Tech ME,1,C
STU24950,B.Tech CSE,2,E
STU24951,B.Tech ME,2,Day scholar
STU24952,B.Tech CSE,3,E
STU24953,B.Tech CSE,2,C
STU24954,B.Tech CSE,2,C
STU24955,B.Tech CSE,1,D
STU24956,B.Tech CSE,4,D
STU24957,B.Tech CSE,2,B
STU24958,B.Tech CSE,1,B
STU24959,B.Tech ECE,2,A
STU24960,B.Tech CSE,1,D
STU24961,B.Tech ECE,2,B
STU24962,B.Des,1,A
STU24963,B.Tech CSE,1,Day scholar
STU24964,B.Tech ECE,3,Day scholar
STU24965,B.Des,1,B
STU24966,B.Tech CSE,3,C
STU24967,B.Tech CSE,4,Day scholar
STU24968,B.Tech ECE,2,Day scholar
STU24969,B.Des,1,D
STU24970,B.Tech CSE,3,C
STU24971,B.Tech ECE,3,A
STU24972,BBA,1,A
STU24973,B.Des,3,A
STU24974,B.Tech ME,1,A
STU24975,B.Tech ME,3,D
STU24976,B.Tech ME,2,D
STU24977,B.Tech ECE,1,Day scholar
STU24978,B.Tech ECE,3,B
STU24979,B.Tech CSE,1,A
STU24980,B.Tech CSE,4,E
STU24981,B.Tech CSE,1,C
STU24982,B.Tech ME,2,Day scholar
STU24983,B.Tech CSE,4,E
STU24984,BBA,1,C
STU24985,B.Tech CSE,2,A
STU24986,BBA,1,E
STU24987,B.Tech CSE,4,D
STU24988,B.Tech ECE,1,B
STU24989,B.Tech ECE,1,B
STU24990,B.Tech ME,2,A
STU24991,B.Tech ECE,4,E
STU24992,B.Tech ME,3,E
STU24993,B.Tech ECE,4,B
STU24994,B.Tech ECE,1,A
STU24995,B.Tech CSE,1,D
STU24996,B.Tech ECE,1,E
STU24997,B.Tech CSE,4,D
STU24998,B.Tech ECE,2,D
STU24999,B.Des,1,A
STU25000,B.Tech ECE,4,B
STU25001,B.Tech CSE,3,E
STU25002,B.Tech CSE,3,A
STU25003,B.Tech CSE,3,Day scholar
STU25004,B.Tech ME,3,B
STU25005,B.Des,3,A
STU25006,B.Tech CSE,2,C
STU25007,B.Tech ECE,3,D
STU25008,B.Tech CSE,2,B
STU25009,B.Tech ECE,4,C
STU25010,B.Tech CSE,3,B
STU25011,B.Des,1,E
STU25012,B.Tech CSE,3,B
STU25013,B.Tech CSE,3,Day scholar
STU25014,B.Tech CSE,3,E
STU25015,B.Tech ECE,4,D
STU25016,B.Tech CSE,4,Day scholar
STU25017,B.Tech ECE,1,E
STU25018,B.Tech ECE,3,D
STU25019,B.Tech CSE,1,B
STU25020,B.Tech CSE,3,B
STU25021,B.Tech CSE,4,C
STU25022,B.Tech CSE,2,E
STU25023,B.Tech CSE,2,Day scholar
STU25024,B.Tech ME,4,Day scholar
STU25025,B.Tech CSE,4,D
STU25026,B.Tech CSE,3,B
STU25027,B.Tech ME,1,E
STU25028,B.Tech CSE,3,B
STU25029,B.Tech ECE,2,Day scholar
STU25030,BBA,4,Day scholar
STU25031,B.Tech ECE,4,A
STU25032,B.Tech CSE,1,B
STU25033,B.Des,1,B
STU25034,B.Tech ME,4,D
STU25035,B.Tech CSE,3,D
STU25036,B.Des,1,B
STU25037,B.Tech ME,1,D
STU25038,B.Tech ECE,2,A
STU25039,B.Tech CSE,3,B
STU25040,B.Tech CSE,1,B
STU25041,B.Tech CSE,2,B
STU25042,B.Tech CSE,2,D
STU25043,B.Tech CSE,4,Day scholar
STU25044,B.Tech CSE,1,E
STU25045,BBA,3,A
STU25046,B.Tech CSE,3,B
STU25047,B.Des,1,A
STU25048,B.Tech ECE,4,E
STU25049,BBA,3,B
STU25050,B.Tech ECE,1,B
STU25051,B.Tech CSE,1,B
STU25052,B.Tech CSE,1,Day scholar
STU25053,B.Des,2,Day scholar
STU25054,B.Tech ME,1,D
STU25055,B.Tech CSE,3,B
STU25056,B.Tech ECE,1,Day scholar
STU25057,B.Tech ME,3,Day scholar
STU25058,B.Tech CSE,3,Day scholar
STU25059,B.Tech CSE,2,C
STU25060,B.Tech CSE,4,C
STU25061,B.Tech CSE,1,A
STU25062,BBA,3,A
STU25063,B.Tech CSE,1,A
STU25064,B.Tech ME,2,D
STU25065,B.Tech ECE,2,A
STU25066,B.Des,1,E
STU25067,BBA,4,D
STU25068,B.Tech CSE,4,A
STU25069,B.Tech CSE,1,A
STU25070,B.Tech ME,2,E
STU25071,B.Tech CSE,3,E
STU25072,B.Tech CSE,2,B
STU25073,B.Tech CSE,2,E
STU25074,B.Tech ME,3,A
STU25075,B.Tech ME,4,B
STU25076,B.Tech ECE,3,C
STU25077,B.Tech ECE,1,A
STU25078,B.Tech CSE,1,Day scholar
STU25079,B.Tech CSE,1,B
STU25080,B.Tech ECE,4,Day scholar
STU25081,B.Tech CSE,1,D
STU25082,BBA,2,Day scholar
STU25083,B.Des,2,D
STU25084,B.Tech ECE,1,A
STU25085,B.Tech CSE,4,B
STU25086,B.Tech CSE,2,A
STU25087,B.Tech CSE,3,C
STU25088,B.Tech CSE,2,B
STU25089,B.Des,3,A
STU25090,B.Tech ECE,4,D
STU25091,B.Tech ME,3,E
STU25092,B.Tech ECE,2,B
STU25093,B.Tech ME,1,A
STU25094,B.Tech CSE,1,B
STU25095,B.Tech ECE,3,C
STU25096,B.Tech CSE,1,B
STU25097,B.Tech ECE,3,C
STU25098,B.Des,2,E
STU25099,B.Tech ECE,2,A
STU25100,B.Tech CSE,4,B
STU25101,B.Tech ME,4,A
STU25102,B.Tech CSE,1,D
STU25103,B.Des,1,Day scholar
STU25104,B.Tech ECE,2,B
STU25105,B.Tech ME,1,A
STU25106,B.Tech CSE,1,A
STU25107,B.Tech ME,2,E
STU25108,BBA,3,C
STU25109,B.Tech ECE,4,B
STU25110,B.Tech CSE,4,A
STU25111,B.Tech CSE,1,B
STU25112,BBA,2,B
STU25113,B.Tech CSE,2,E
STU25114,B.Tech CSE,1,C
STU25115,B.Tech ME,3,D
STU25116,B.Tech CSE,3,A
STU25117,B.Tech CSE,1,B
STU25118,B.Tech CSE,2,D
STU25119,B.Tech ME,2,D
STU25120,B.Tech CSE,2,D
STU25121,B.Tech CSE,3,B
STU25122,B.Tech ECE,3,A
STU25123,BBA,2,A
STU25124,B.Tech CSE,4,C
STU25125,B.Tech CSE,2,Day scholar
STU25126,B.Des,2,B
STU25127,B.Des,4,D
STU25128,B.Tech ME,1,D
STU25129,B.Tech CSE,4,B
STU25130,B.Tech ME,1,Day scholar
STU25131,B.Tech ME,1,Day scholar
STU25132,B.Tech CSE,1,D
STU25133,B.Tech CSE,3,E
STU25134,BBA,2,Day scholar
STU25135,B.Tech ECE,4,B
STU25136,B.Tech CSE,2,D
STU25137,B.Tech ECE,1,A
STU25138,B.Tech CSE,1,D
STU25139,B.Tech CSE,3,Day scholar
STU25140,B.Tech CSE,4,D
STU25141,B.Tech CSE,2,C
STU25142,BBA,1,Day scholar
STU25143,B.Tech ECE,4,D
STU25144,B.Tech CSE,4,A
STU25145,B.Tech CSE,2,B
STU25146,B.Tech ECE,1,B
STU25147,B.Tech CSE,1,C
STU25148,B.Tech CSE,4,D
STU25149,B.Tech CSE,3,E
STU25150,B.Tech ECE,3,A
STU25151,B.Des,1,E
STU25152,BBA,4,A
STU25153,B.Tech ECE,3,E
STU25154,B.Tech CSE,1,E
STU25155,B.Tech ECE,3,B
STU25156,B.Des,2,C
STU25157,B.Tech ECE,2,C
STU25158,B.Tech CSE,2,E
STU25159,B.Des,4,D
STU25160,B.Tech ME,2,E
STU25161,B.Tech ME,2,E
STU25162,B.Tech ME,3,B
STU25163,B.Tech ECE,2,A
STU25164,B.Tech ECE,4,A
STU25165,B.Tech ME,4,E
STU25166,BBA,2,C
STU25167,B.Tech CSE,3,D
STU25168,B.Tech ECE,3,C
STU25169,B.Tech ME,4,B
STU25170,B.Tech ME,4,Day scholar
STU25171,BBA,4,E
STU25172,B.Tech CSE,3,D
STU25173,B.Tech ECE,3,Day scholar
STU25174,B.Tech CSE,1,C
STU25175,B.Tech CSE,2,A
STU25176,B.Tech ECE,4,A
STU25177,B.Tech ECE,1,A
STU25178,B.Tech ME,3,B
STU25179,B.Tech CSE,3,B
STU25180,B.Tech ECE,4,Day scholar
STU25181,B.Tech CSE,1,C
STU25182,B.Des,2,A
STU25183,BBA,4,D
STU25184,B.Tech ECE,2,B
STU25185,B.Tech ECE,3,Day scholar
STU25186,B.Tech ECE,3,E
STU25187,BBA,2,B
STU25188,BBA,4,Day scholar
STU25189,BBA,2,B
STU25190,B.Tech CSE,3,B
STU25191,B.Tech CSE,2,C
STU25192,B.Tech CSE,4,E
STU25193,B.Tech ME,1,E
STU25194,B.Tech ME,2,Day scholar
STU25195,B.Tech CSE,4,C
STU25196,B.Tech CSE,3,E
STU25197,BBA,2,A
STU25198,B.Des,1,Day scholar
STU25199,B.Des,4,C
STU25200,B.Tech CSE,1,C
STU25201,B.Des,1,A
STU25202,B.Tech CSE,1,B
STU25203,B.Tech ME,1,B
STU25204,BBA,3,D
STU25205,B.Tech CSE,3,A
STU25206,B.Des,2,D
STU25207,B.Tech ECE,1,E
STU25208,B.Tech ECE,3,Day scholar
STU25209,B.Tech ECE,3,B
STU25210,B.Des,1,D
STU25211,B.Tech ECE,2,A
STU25212,B.Tech CSE,4,E
STU25213,B.Tech CSE,2,A
STU25214,B.Tech CSE,4,A
STU25215,B.Tech CSE,3,C
STU25216,BBA,1,B
STU25217,B.Tech CSE,1,B
STU25218,B.Tech CSE,2,A
STU25219,BBA,2,A
STU25220,BBA,1,Day scholar
STU25221,B.Tech CSE,3,C
STU25222,B.Tech CSE,1,C
STU25223,B.Tech CSE,3,D
STU25224,B.Tech CSE,1,E
STU25225,B.Tech CSE,4,D
STU25226,B.Tech CSE,1,E
STU25227,B.Tech CSE,1,C
STU25228,B.Tech CSE,1,B
STU25229,B.Tech ECE,4,C
STU25230,B.Tech ECE,1,A
STU25231,B.Tech ME,2,C
STU25232,B.Tech CSE,1,A
STU25233,BBA,2,B
STU25234,B.Tech ME,3,A
STU25235,B.Tech CSE,1,D
STU25236,B.Tech ME,2,Day scholar
STU25237,B.Des,3,E
STU25238,BBA,4,E
STU25239,B.Des,4,C
STU25240,B.Tech ECE,3,Day scholar
STU25241,BBA,2,E
STU25242,B.Tech CSE,4,E
STU25243,B.Des,3,Day scholar
STU25244,B.Tech ECE,3,A
STU25245,B.Tech CSE,4,E
STU25246,B.Tech CSE,3,B
STU25247,BBA,1,C
STU25248,B.Tech ME,1,B
STU25249,B.Tech CSE,4,B
STU25250,B.Tech ECE,1,C
STU25251,B.Tech ECE,3,B
STU25252,B.Tech CSE,1,Day scholar
STU25253,B.Des,1,B
STU25254,B.Tech CSE,1,A
STU25255,B.Tech ECE,3,B
STU25256,B.Tech ECE,3,Day scholar
STU25257,B.Tech ME,4,E
STU25258,B.Tech ECE,3,E
STU25259,B.Tech ME,1,Day scholar
STU25260,BBA,1,Day scholar
STU25261,B.Tech ECE,1,Day scholar
STU25262,B.Tech CSE,4,B
STU25263,B.Tech CSE,3,B
STU25264,B.Tech CSE,1,D
STU25265,B.Tech ECE,3,E
STU25266,B.Tech CSE,2,A
STU25267,B.Tech CSE,1,A
STU25268,B.Tech CSE,1,D
STU25269,B.Des,3,E
STU25270,B.Tech CSE,2,D
STU25271,B.Tech CSE,1,C
STU25272,B.Tech CSE,2,D
STU25273,B.Tech ME,4,D
STU25274,B.Tech CSE,2,E
STU25275,B.Tech CSE,2,B
STU25276,B.Tech ECE,4,C
STU25277,B.Tech CSE,3,C
STU25278,B.Tech CSE,1,D
STU25279,B.Tech ME,1,B
STU25280,B.Tech ECE,3,D
STU25281,B.Des,3,C
STU25282,B.Tech ME,3,B
STU25283,B.Tech CSE,1,B
STU25284,B.Tech CSE,2,D
STU25285,BBA,1,C
STU25286,B.Tech CSE,3,C
STU25287,B.Tech ME,1,B
STU25288,B.Tech CSE,4,D
STU25289,B.Tech ECE,1,C
STU25290,B.Tech CSE,2,A
STU25291,B.Des,1,C
STU25292,B.Des,1,A
STU25293,B.Tech ME,2,Day scholar
STU25294,B.Tech ECE,3,Day scholar
STU25295,B.Des,1,E
STU25296,B.Tech CSE,4,A
STU25297,B.Tech ECE,3,C
STU25298,B.Tech ECE,4,B
STU25299,B.Tech CSE,2,B
STU25300,BBA,1,E
STU25301,B.Tech CSE,2,D
STU25302,BBA,4,D
STU25303,B.Tech ECE,4,C
STU25304,B.Tech CSE,4,C
STU25305,B.Tech ECE,2,D
STU25306,B.Tech CSE,3,B
STU25307,B.Tech CSE,4,Day scholar
STU25308,B.Tech ECE,1,C
STU25309,B.Tech CSE,4,Day scholar
STU25310,B.Tech ECE,2,C
STU25311,B.Tech ECE,1,B
STU25312,B.Tech ECE,2,C
STU25313,B.Tech CSE,1,B
STU25314,B.Tech ECE,1,A
STU25315,B.Tech CSE,4,A
STU25316,B.Tech CSE,4,C
STU25317,B.Des,4,E
STU25318,B.Tech ECE,1,Day scholar
STU25319,B.Tech CSE,4,C
STU25320,B.Tech CSE,2,D
STU25321,B.Tech CSE,1,A
STU25322,B.Tech CSE,2,C
STU25323,B.Des,1,A
STU25324,B.Tech CSE,2,A
STU25325,B.Tech CSE,1,A
STU25326,B.Tech ME,2,A
STU25327,B.Tech ECE,2,B
STU25328,B.Tech CSE,2,B
STU25329,B.Des,2,Day scholar
STU25330,B.Tech CSE,4,A
STU25331,B.Tech CSE,2,A
STU25332,B.Tech ECE,1,B
STU25333,B.Tech ME,1,B
STU25334,B.Tech CSE,4,C
STU25335,B.Tech ECE,1,A
STU25336,B.Tech ECE,1,B
STU25337,B.Des,1,A
STU25338,B.Tech ECE,2,B
STU25339,B.Tech CSE,2,E
STU25340,B.Tech CSE,1,B
STU25341,B.Tech ME,4,Day scholar
STU25342,B.Tech ME,3,C
STU25343,B.Tech ECE,4,B
STU25344,B.Tech ECE,3,A
STU25345,B.Tech CSE,2,E
STU25346,BBA,2,C
STU25347,B.Tech CSE,3,Day scholar
STU25348,B.Tech CSE,2,B
STU25349,B.Tech CSE,1,E
STU25350,B.Tech ME,4,D
STU25351,BBA,2,E
STU25352,B.Des,1,C
STU25353,B.Des,4,E
STU25354,B.Tech ECE,1,A
STU25355,B.Tech CSE,3,D
STU25356,B.Tech CSE,4,C
STU25357,B.Tech CSE,3,A
STU25358,B.Tech CSE,1,D
STU25359,B.Tech CSE,3,C
STU25360,B.Tech CSE,2,E
STU25361,B.Tech ECE,2,Day scholar
STU25362,B.Tech ECE,2,A
STU25363,B.Tech CSE,1,E
STU25364,B.Tech CSE,4,B
STU25365,B.Tech ECE,2,D
STU25366,BBA,3,B
STU25367,B.Tech ECE,3,B
STU25368,B.Tech CSE,4,E
STU25369,BBA,3,C
STU25370,BBA,2,E
STU25371,B.Tech ME,2,B
STU25372,BBA,3,B
STU25373,B.Des,2,E
STU25374,B.Tech CSE,4,Day scholar
STU25375,B.Tech ECE,1,C
STU25376,BBA,3,E
STU25377,B.Tech CSE,3,C
STU25378,B.Tech CSE,2,C
STU25379,B.Tech ME,4,E
STU25380,B.Tech ECE,2,A
STU25381,B.Tech ECE,2,B
STU25382,B.Tech ME,1,C
STU25383,B.Tech CSE,2,C
STU25384,B.Tech ECE,2,D
STU25385,BBA,1,A
STU25386,B.Tech CSE,2,C
STU25387,BBA,1,C
STU25388,B.Tech CSE,3,A
STU25389,B.Tech ECE,2,C
STU25390,B.Tech ME,4,Day scholar
STU25391,B.Tech ME,1,D
STU25392,B.Des,3,D
STU25393,B.Tech ME,4,A
STU25394,B.Tech ECE,3,Day scholar
STU25395,B.Tech CSE,4,A
STU25396,B.Tech ECE,1,A
STU25397,B.Tech ECE,3,E
STU25398,B.Tech ECE,1,A
STU25399,B.Tech CSE,4,A
STU25400,BBA,1,A
STU25401,B.Tech ME,3,E
STU25402,B.Tech CSE,1,C
STU25403,B.Tech ME,1,B
STU25404,B.Tech CSE,2,D
STU25405,B.Tech ME,1,A
STU25406,B.Tech ME,4,B
STU25407,B.Tech CSE,1,A
STU25408,BBA,1,D
STU25409,B.Tech ECE,1,B
STU25410,B.Tech CSE,4,E
STU25411,B.Tech CSE,3,A
STU25412,BBA,2,C
STU25413,B.Tech ME,3,E
STU25414,B.Tech ECE,2,E
STU25415,BBA,1,A
STU25416,BBA,1,B
STU25417,B.Tech CSE,1,C
STU25418,B.Tech CSE,4,A
STU25419,B.Des,2,B
STU25420,BBA,4,B
STU25421,B.Tech ME,4,C
STU25422,BBA,2,E
STU25423,B.Des,3,C
STU25424,BBA,4,B
STU25425,B.Tech CSE,1,Day scholar
STU25426,B.Tech ME,1,A
STU25427,B.Tech ECE,2,A
STU25428,B.Tech CSE,4,Day scholar
STU25429,B.Des,1,D
STU25430,B.Tech CSE,1,A
STU25431,BBA,3,C
STU25432,B.Tech ECE,2,C
STU25433,B.Tech ECE,3,E
STU25434,B.Tech CSE,4,A
STU25435,B.Tech ECE,1,B
STU25436,B.Tech ECE,4,C
STU25437,B.Tech CSE,3,E
STU25438,B.Tech ECE,1,Day scholar
STU25439,BBA,3,C
STU25440,B.Tech ECE,4,D
STU25441,B.Tech CSE,1,D
STU25442,B.Tech ME,1,E
STU25443,B.Tech CSE,4,Day scholar
STU25444,B.Tech ECE,1,E
STU25445,B.Tech CSE,1,A
STU25446,BBA,2,A
STU25447,B.Tech ECE,1,B
STU25448,B.Des,3,E
STU25449,B.Tech ECE,4,E
STU25450,B.Tech CSE,1,D
STU25451,BBA,1,D
STU25452,B.Tech CSE,4,C
STU25453,B.Tech CSE,3,D
STU25454,B.Des,3,E
STU25455,B.Tech ECE,1,D
STU25456,B.Tech CSE,1,B
STU25457,B.Tech ECE,1,A
STU25458,B.Tech CSE,3,E
STU25459,BBA,1,A
STU25460,B.Tech CSE,2,B
STU25461,BBA,2,Day scholar
STU25462,B.Tech CSE,2,E
STU25463,B.Tech CSE,3,E
STU25464,B.Tech ME,2,B
STU25465,B.Tech CSE,2,E
STU25466,B.Tech ME,1,E
STU25467,B.Tech CSE,3,B
STU25468,B.Tech ECE,2,Day scholar
STU25469,BBA,2,A
STU25470,B.Tech CSE,2,E
STU25471,B.Tech CSE,1,E
STU25472,B.Tech CSE,2,A
STU25473,B.Tech CSE,2,B
STU25474,B.Tech CSE,3,D
STU25475,B.Tech CSE,2,A
STU25476,B.Tech CSE,1,B
STU25477,BBA,4,C
STU25478,B.Tech ECE,3,E
STU25479,B.Tech CSE,1,B
STU25480,B.Tech CSE,1,Day scholar
STU25481,B.Tech CSE,4,C
STU25482,B.Tech ECE,2,D
STU25483,BBA,1,Day scholar
STU25484,B.Tech ME,3,C
STU25485,B.Tech CSE,2,D
STU25486,BBA,1,C
STU25487,B.Tech CSE,2,Day scholar
STU25488,B.Tech CSE,1,A
STU25489,B.Des,3,B
STU25490,B.Tech CSE,4,D
STU25491,B.Tech ECE,1,D
STU25492,B.Tech CSE,2,E
STU25493,B.Tech ECE,4,D
STU25494,B.Tech CSE,3,Day scholar
STU25495,B.Tech ME,1,A
STU25496,B.Tech ECE,1,C
STU25497,B.Des,4,A
STU25498,B.Tech CSE,1,C
STU25499,BBA,2,E
STU25500,B.Tech ECE,1,D
STU25501,B.Tech CSE,2,C
STU25502,B.Tech CSE,2,E
STU25503,B.Tech ECE,2,C
STU25504,B.Tech CSE,4,A
STU25505,B.Tech CSE,2,B
STU25506,B.Tech CSE,3,A
STU25507,B.Tech ME,2,Day scholar
STU25508,B.Tech ECE,3,E
STU25509,B.Tech CSE,3,D
STU25510,B.Tech CSE,3,D
STU25511,B.Tech ECE,2,A
STU25512,BBA,3,A
STU25513,B.Tech CSE,2,A
STU25514,B.Tech ECE,4,B
STU25515,B.Des,1,B
STU25516,B.Tech CSE,3,A
STU25517,B.Tech CSE,3,D
STU25518,B.Tech ME,1,E
STU25519,B.Tech CSE,3,E
STU25520,B.Tech CSE,4,B
STU25521,B.Tech CSE,4,D
STU25522,B.Tech CSE,3,D
STU25523,B.Tech CSE,3,Day scholar
STU25524,B.Tech CSE,1,E
STU25525,BBA,1,A
STU25526,B.Tech CSE,2,D
STU25527,BBA,3,Day scholar
STU25528,B.Tech ME,3,C
STU25529,B.Tech ECE,4,Day scholar
STU25530,B.Tech ECE,1,E
STU25531,B.Tech CSE,1,Day scholar
STU25532,B.Tech CSE,2,B
STU25533,B.Tech ECE,2,Day scholar
STU25534,B.Tech ME,4,D
STU25535,BBA,2,B
STU25536,B.Des,1,Day scholar
STU25537,B.Tech ME,2,C
STU25538,B.Tech CSE,2,A
STU25539,B.Tech CSE,2,C
STU25540,B.Des,1,D
STU25541,B.Tech CSE,4,D
STU25542,B.Tech CSE,4,B
STU25543,B.Tech CSE,1,C
STU25544,B.Tech CSE,2,D
STU25545,B.Tech CSE,1,D
STU25546,B.Tech CSE,1,B
STU25547,B.Tech ECE,1,A
STU25548,B.Des,1,Day scholar
STU25549,B.Tech CSE,1,C
STU25550,BBA,4,A
STU25551,B.Tech CSE,1,Day scholar
STU25552,B.Tech CSE,4,D
STU25553,B.Tech ME,1,Day scholar
STU25554,B.Tech CSE,2,D
STU25555,BBA,2,B
STU25556,B.Tech CSE,4,A
STU25557,B.Tech CSE,2,B
STU25558,B.Tech CSE,3,A
STU25559,B.Tech CSE,1,Day scholar
STU25560,B.Tech CSE,4,E
STU25561,B.Des,3,B
STU25562,B.Tech ECE,1,Day scholar
STU25563,B.Tech ECE,3,B
STU25564,BBA,3,C
STU25565,B.Tech CSE,3,C
STU25566,B.Tech ME,2,Day scholar
STU25567,B.Tech CSE,2,C
STU25568,B.Tech CSE,1,A
STU25569,B.Tech CSE,2,B
STU25570,B.Tech CSE,3,D
STU25571,B.Tech ECE,4,B
STU25572,B.Tech ECE,2,C
STU25573,B.Tech CSE,1,D
STU25574,B.Tech ECE,1,A
STU25575,BBA,2,B
STU25576,B.Tech CSE,3,B
STU25577,B.Tech CSE,4,B
STU25578,B.Tech ME,4,D
STU25579,B.Tech CSE,1,D
STU25580,B.Tech CSE,1,E
STU25581,B.Tech CSE,1,A
STU25582,B.Tech ECE,2,Day scholar
STU25583,B.Tech CSE,1,C
STU25584,B.Tech ECE,2,Day scholar
STU25585,B.Tech CSE,2,Day scholar
STU25586,B.Des,1,C
STU25587,B.Des,2,C
STU25588,B.Tech CSE,2,D
STU25589,B.Tech CSE,2,E
STU25590,B.Tech CSE,3,A
STU25591,B.Tech CSE,2,A
STU25592,B.Tech CSE,2,B
STU25593,B.Tech CSE,3,Day scholar
STU25594,B.Tech ECE,4,Day scholar
STU25595,B.Tech CSE,4,E
STU25596,B.Tech ME,1,C
STU25597,B.Tech CSE,1,Day scholar
STU25598,B.Tech CSE,2,B
STU25599,BBA,2,E
STU25600,B.Tech CSE,2,A
STU25601,BBA,2,E
STU25602,B.Tech ECE,2,C
STU25603,B.Tech ECE,3,D
STU25604,B.Des,2,C
STU25605,B.Tech CSE,1,C
STU25606,B.Tech ECE,2,E
STU25607,B.Tech ME,1,E
STU25608,B.Tech CSE,2,A
STU25609,B.Tech ME,2,Day scholar
STU25610,B.Tech CSE,3,D
STU25611,B.Tech CSE,3,E
STU25612,B.Tech CSE,1,A
STU25613,BBA,1,C
STU25614,B.Tech CSE,1,C
STU25615,B.Tech CSE,2,D
STU25616,B.Tech ME,1,B
STU25617,BBA,3,A
STU25618,B.Des,1,C
STU25619,B.Tech CSE,3,B
STU25620,BBA,2,B
STU25621,B.Tech ME,3,A
STU25622,B.Tech CSE,1,C
STU25623,B.Tech CSE,3,B
STU25624,B.Tech ECE,3,C
STU25625,B.Tech CSE,2,D
STU25626,B.Tech CSE,2,A
STU25627,B.Tech ECE,3,B
STU25628,BBA,4,A
STU25629,B.Tech CSE,3,Day scholar
STU25630,B.Tech CSE,1,C
STU25631,B.Tech ME,1,C
STU25632,B.Tech ECE,1,Day scholar
STU25633,B.Tech ECE,3,B
STU25634,BBA,1,E
STU25635,BBA,3,A
STU25636,B.Tech CSE,3,A
STU25637,B.Tech CSE,2,Day scholar
STU25638,BBA,2,E
STU25639,B.Des,3,C
STU25640,B.Tech CSE,2,B
STU25641,B.Tech ECE,4,B
STU25642,B.Tech ECE,1,E
STU25643,B.Tech ME,1,D
STU25644,B.Tech CSE,3,D
STU25645,B.Tech CSE,1,E
STU25646,B.Tech CSE,3,Day scholar
STU25647,B.Tech ECE,1,Day scholar
STU25648,BBA,2,D
STU25649,B.Tech ME,3,D
STU25650,B.Tech ME,1,B
STU25651,B.Tech CSE,4,B
STU25652,B.Tech CSE,4,C
STU25653,B.Tech CSE,3,A
STU25654,B.Tech CSE,2,B
STU25655,B.Tech CSE,1,B
STU25656,B.Tech ECE,1,D
STU25657,B.Tech CSE,1,Day scholar
STU25658,B.Tech CSE,3,C
STU25659,BBA,1,Day scholar
STU25660,B.Tech CSE,4,B
STU25661,B.Tech CSE,1,B
STU25662,B.Tech CSE,3,Day scholar
STU25663,B.Tech CSE,1,Day scholar
STU25664,B.Tech CSE,3,D
STU25665,B.Tech CSE,1,C
STU25666,B.Tech ECE,2,B
STU25667,B.Tech ME,3,A
STU25668,B.Tech CSE,1,E
STU25669,B.Tech ME,3,C
STU25670,B.Tech ECE,1,B
STU25671,B.Tech CSE,3,B
STU25672,B.Tech ECE,2,D
STU25673,BBA,2,E
STU25674,B.Tech ECE,4,D
STU25675,B.Tech CSE,3,B
STU25676,B.Tech CSE,3,A
STU25677,B.Tech CSE,4,C
STU25678,B.Tech CSE,3,Day scholar
STU25679,BBA,1,E
STU25680,B.Tech CSE,1,B
STU25681,B.Tech CSE,2,Day scholar
STU25682,BBA,1,A
STU25683,B.Tech CSE,4,C
STU25684,B.Tech CSE,2,E
STU25685,B.Tech ECE,1,D
STU25686,B.Tech CSE,3,A
STU25687,B.Tech CSE,1,A
STU25688,B.Tech ECE,4,D
STU25689,B.Tech CSE,2,C
STU25690,B.Tech CSE,1,C
STU25691,B.Des,2,B
STU25692,B.Tech CSE,2,B
STU25693,B.Tech CSE,3,D
STU25694,B.Tech CSE,2,Day scholar
STU25695,B.Tech ME,2,C
STU25696,B.Tech CSE,4,C
STU25697,B.Tech CSE,3,C
STU25698,B.Tech ECE,4,D
STU25699,BBA,3,Day scholar
STU25700,B.Tech CSE,2,A
STU25701,BBA,3,C
STU25702,B.Tech CSE,1,C
STU25703,B.Tech CSE,4,D
STU25704,B.Des,3,A
STU25705,B.Tech ECE,4,E
STU25706,B.Tech ECE,1,D
STU25707,B.Tech CSE,2,D
STU25708,B.Tech CSE,2,C
STU25709,BBA,1,Day scholar
STU25710,B.Tech CSE,1,B
STU25711,BBA,2,C
STU25712,B.Tech CSE,1,B
STU25713,B.Tech ECE,4,D
STU25714,B.Des,2,B
STU25715,BBA,4,C
STU25716,B.Tech CSE,4,D
STU25717,B.Tech ECE,1,B
STU25718,B.Tech CSE,1,B
STU25719,B.Tech ECE,3,B
STU25720,B.Des,4,A
STU25721,B.Tech ECE,2,E
STU25722,B.Tech ME,2,A
STU25723,B.Tech ME,2,D
STU25724,B.Tech CSE,4,A
STU25725,B.Tech CSE,1,A
STU25726,B.Tech ECE,2,D
STU25727,B.Tech CSE,2,D
STU25728,BBA,1,A
STU25729,BBA,2,D
STU25730,B.Tech ME,3,A
STU25731,BBA,3,Day scholar
STU25732,B.Tech CSE,2,E
STU25733,B.Tech CSE,2,A
STU25734,B.Tech ECE,1,A
STU25735,B.Tech CSE,1,Day scholar
STU25736,B.Tech CSE,1,C
STU25737,B.Des,1,Day scholar
STU25738,B.Tech CSE,2,C
STU25739,B.Tech CSE,1,A
STU25740,B.Tech ECE,1,A
STU25741,B.Tech ECE,1,C
STU25742,B.Tech CSE,1,B
STU25743,BBA,1,Day scholar
STU25744,B.Tech CSE,2,E
STU25745,B.Tech CSE,3,A
STU25746,B.Tech ECE,2,A
STU25747,B.Tech CSE,1,B
STU25748,B.Tech ME,2,C
STU25749,B.Tech CSE,1,E
STU25750,B.Tech CSE,2,B
STU25751,B.Tech ME,4,Day scholar
STU25752,B.Tech CSE,3,C
STU25753,B.Tech ME,1,D
STU25754,BBA,1,C
STU25755,B.Tech CSE,1,Day scholar
STU25756,B.Tech ECE,4,Day scholar
STU25757,BBA,4,Day scholar
STU25758,B.Tech ME,2,D
STU25759,B.Tech CSE,3,E
STU25760,B.Tech CSE,4,Day scholar
STU25761,B.Tech CSE,2,A
STU25762,B.Tech ECE,3,B
STU25763,B.Tech CSE,3,C
STU25764,B.Tech ME,4,E
STU25765,B.Des,3,B
STU25766,B.Tech CSE,1,D
STU25767,B.Tech ME,3,B
STU25768,B.Tech ECE,1,Day scholar
STU25769,B.Tech CSE,1,B
STU25770,B.Tech CSE,2,B
STU25771,B.Tech CSE,3,C
STU25772,BBA,1,C
STU25773,B.Tech CSE,2,D
STU25774,B.Tech CSE,4,A
STU25775,B.Tech ECE,1,Day scholar
STU25776,B.Tech CSE,2,E
STU25777,B.Tech CSE,3,A
STU25778,B.Tech ME,2,D
STU25779,BBA,3,B
STU25780,B.Tech CSE,2,Day scholar
STU25781,B.Tech CSE,3,A
STU25782,B.Tech ME,3,D
STU25783,BBA,1,E
STU25784,B.Tech ME,3,Day scholar
STU25785,B.Tech ECE,4,C
STU25786,BBA,2,D
STU25787,B.Tech CSE,1,Day scholar
STU25788,B.Des,4,C
STU25789,BBA,3,B
STU25790,B.Des,1,A
STU25791,B.Tech ME,3,D
STU25792,B.Tech ME,1,B
STU25793,B.Tech CSE,4,D
STU25794,B.Tech CSE,3,B
STU25795,B.Tech CSE,3,B
STU25796,B.Des,2,D
STU25797,B.Des,2,C
STU25798,B.Tech CSE,2,B
STU25799,B.Tech ME,2,A
